dataset,precision,recall,f1,accuracy
dev,0.09239130434782608,0.05246913580246913,0.06692913385826772,0.9438588179557029
test,0.03571428571428571,0.011363636363636364,0.017241379310344827,0.9244031830238727
