Model,Dev F1,Dev Acc,OOD F1,OOD Acc,Best LR,Best WD
xlm-roberta-base,1.0,1.0,0.7565217391304347,0.9628647214854111,3.8417123927791296e-05,0.07435023736314793
