Model,Dev F1,Dev Acc,OOD F1,OOD Acc,Best LR,Best WD
bert-base-italian-xxl-cased,0.834920634920635,0.9909588802920977,0.6777777777777778,0.9628918746001279,2.5081549960992703e-05,0.08006206928413431
ModernBERT-base,0.9860031104199067,0.999072451819025,0.8228571428571428,0.9801663467690339,7.75163704283366e-05,0.004977175505480186
